Domain,Description
100days.do
ach.do
airbase.do
ais.do
alarms.do
alerts.do
analytics.do
apikeys.do
applications.do
approvals.do
arrays.do
ascii.do
assets.do
automotive.do
avatars.do
awk.do
backlinks.do
backups.do
bases.do
benchmark.do
bigdata.do
bindings.do
blogs.do
bos.do
boxes.do
brokers.do
bucket.do
builders.do
caches.do
cards.do
careers.do
case.do
checkout.do
cicd.do
claims.do
close.do
cloudflare.do
cname.do
codex.do
col.do
colo.do
commands.do
commit.do
communication.do
compile.do
compose.do
concierge.do
console.do
content.do
convert.do
converts.do
cookies.do
copy.do
cors.do
count.do
counters.do
crawl.do
crawler.do
crawlers.do
crawling.do
crms.do
crud.do
csv.do
ctx.do
curl.do
d1.do
d2.do
dash.do
dashboard.do
dashboards.do
dat.do
database.do
databases.do
dates.do
dbms.do
dbs.do
ddns.do
dealers.do
debug.do
deck.do
decode.do
decrypt.do
delete.do
deploys.do
diff.do
directories.do
directory.do
discord.do
downloads.do
drip.do
drively.do
drivly.do
durable.do
econtract.do
ecosystem.do
emails.do
embed.do
emojis.do
encode.do
encrypt.do
encrypted.do
encryption.do
enterprises.do
entity.do
env.do
epcis.do
epic.do
es6.do
esbuild.do
esignature.do
esignatures.do
eval.do
events.do
evs.do
examples.do
experiment.do
exports.do
extensions.do
extract.do
fake.do
features.do
fetch.do
fetcher.do
files.do
filter.do
financing.do
flags.do
flatten.do
flows.do
formats.do
frm.do
function.do
functions.do
funnels.do
fuzzy.do
gif.do
gigs.do
gist.do
glyph.do
glyphs.do
goals.do
gpt.do
gql.do
graph.do
graphql.do
graphs.do
grep.do
gs1.do
gzip.do
hashes.do
hiring.do
hmac.do
hostname.do
hostnames.do
htm.do
hunts.do
ico.do
icons.do
id8.do
ideaflow.do
ideate.do
identity.do
images.do
imports.do
income.do
indexes.do
insert.do
inspection.do
insurers.do
integrations.do
interns.do
internships.do
iterate.do
jsn.do
jsonld.do
jsx.do
jwk.do
jwt.do
kbb.do
keys.do
keyv.do
keyword.do
knn.do
kpis.do
kvdb.do
lambda.do
landing.do
launches.do
lenders.do
lib.do
libraries.do
limit.do
lint.do
listing.do
listings.do
lists.do
load.do
loader.do
loc.do
locations.do
lodash.do
logging.do
logos.do
lookup.do
loops.do
lottie.do
lyra.do
machines.do
markdown.do
mashup.do
mdx.do
mgmt.do
middleware.do
mission.do
mod.do
modules.do
monetize.do
monitor.do
mov.do
mp4.do
mqtt.do
mx1.do
mx2.do
mx3.do
mysql.do
nameservers.do
nano.do
nda.do
nosql.do
notarize.do
notary.do
ns1.do
ns2.do
nurture.do
oauth.do
obj.do
objects.do
oems.do
ogimage.do
okr.do
olap.do
opportunities.do
pages.do
path.do
payments.do
pdf.do
perf.do
personas.do
philosophy.do
pipe.do
pitch.do
pkg.do
platforms.do
pluck.do
png.do
poa.do
postgres.do
posts.do
prettier.do
pricing.do
primitives.do
prod.do
products.do
projects.do
props.do
prxy.do
punycode.do
query.do
queue.do
random.do
ratelimit.do
readme.do
redirects.do
redis.do
reduce.do
refresh.do
registrars.do
repo.do
repos.do
req.do
resource.do
resources.do
rewriter.do
rewrites.do
roadmap.do
router.do
rsa.do
schedules.do
schema.do
scraper.do
scrapers.do
scrapes.do
screenshots.do
scripts.do
sdk.do
sed.do
select.do
session.do
set.do
sheet.do
sites.do
slack.do
sort.do
sources.do
sponsors.do
sprints.do
sqlite.do
stacks.do
startups.do
starwars.do
state.do
storage.do
streaks.do
streams.do
studio.do
studios.do
subdomain.do
subjects.do
subscribe.do
subscriptions.do
success.do
surreal.do
svg.do
swc.do
swr.do
syntax.do
tables.do
tag.do
tags.do
tail.do
tbd.do
template.do
templates.do
tenant.do
testing.do
tests.do
texts.do
timer.do
tmv.do
tos.do
transaction.do
transform.do
transformation.do
transformations.do
transport.do
tsv.do
turbo.do
turk.do
turks.do
tweet.do
types.do
typescript.do
uis.do
unicode.do
uniq.do
users.do
utilities.do
utils.do
uuid.do
values.do
vault.do
vaults.do
vdp.do
veh.do
vehicle.do
vehicles.do
versions.do
verticals.do
vin.do
vins.do
waitlist.do
webhook.do
webhooks.do
websockets.do
wholesale.do
wikis.do
words.do
wrangler.do
xml.do
yaml.do
ymm.do
zaps.do
zones.do
assert.do
expect.do
keywords.do
css.do
dall-e.do
photos.do
tailwind.do
theme.do
twind.do
headers.do
orm.do
airtable.do
browser.do
puppeteer.do
screenshot.do
series.do
ttl.do
socket.do
wss.do
gcp.do
iad.do
ord.do
sfo.do
